<?xml version="1.0"?>
<odoo>
  <data noupdate="1">
    <record id="new" model="project.task.type">
      <field name="sequence">10</field>
      <field name="name">Nuevo</field>
      <field name="legend_blocked">Bloqueado</field>
      <field name="legend_done">Listo</field>
      <field name="legend_normal">En curso</field>
      <field name="case_default" eval="True"/>
    </record>
    <record id="in_process" model="project.task.type">
      <field name="sequence">20</field>
      <field name="name">En proceso</field>
      <field name="legend_blocked">Bloqueado</field>
      <field name="legend_done">Listo</field>
      <field name="legend_normal">En curso</field>
      <field name="case_default" eval="True"/>
    </record>
    <record id="done" model="project.task.type">
      <field name="sequence">30</field>
      <field name="name">Listo</field>
      <field name="legend_blocked">Bloqueado</field>
      <field name="legend_done">Listo</field>
      <field name="legend_normal">En curso</field>
      <field name="case_default" eval="True"/>
    </record>
    <record id="postposed" model="project.task.type">
      <field name="sequence">40</field>
      <field name="name">Postpuesto</field>
      <field name="legend_blocked">Bloqueado</field>
      <field name="legend_done">Listo</field>
      <field name="legend_normal">En curso</field>
      <field name="case_default" eval="True"/>
      <field name="fold" eval="True"/>
    </record>
    <record id="closed" model="project.task.type">
      <field name="sequence">50</field>
      <field name="name">Cerrado</field>
      <field name="legend_blocked">Bloqueado</field>
      <field name="legend_done">Listo</field>
      <field name="legend_normal">En curso</field>
      <field name="case_default" eval="True"/>
      <field name="fold" eval="True"/>
    </record>
    <delete model="project.task.type" id="project_task_default_stage.project_tt_analysis" />
    <delete model="project.task.type" id="project_task_default_stage.project_tt_specification" />
    <delete model="project.task.type" id="project_task_default_stage.project_tt_design" />
    <delete model="project.task.type" id="project_task_default_stage.project_tt_development" />
    <delete model="project.task.type" id="project_task_default_stage.project_tt_testing" />
    <delete model="project.task.type" id="project_task_default_stage.project_tt_merge" />
    <delete model="project.task.type" id="project_task_default_stage.project_tt_deployment" />
    <delete model="project.task.type" id="project_task_default_stage.project_tt_cancel" />
  </data>
</odoo>
