<?xml version="1.0"?>
<odoo noupdate="1">
  <record id="seq_rj_records" model="ir.sequence">
    <field name="name">rj_records_files</field>
    <field name="code">rj_records.files</field>
    <field name="suffix">/%(range_year)s</field>
    <field name="number_next">1</field>
    <field name="implementation">no_gap</field>
    <field name="padding">3</field>
    <field eval="1" name="number_next" />
    <field eval="1" name="number_increment" />
    <field eval="True" name="use_date_range"/>
  </record>
</odoo>
