<?xml version="1.0" encoding="utf-8"?>
<odoo>
  <data>
    <record model="ir.module.category" id="rj_records_category_group_user">
      <field name="name">Expedientes</field>
      <field name="description">Permisos de acceso a expedientes</field>
      <field name="sequence">20</field>
    </record>

    <record id="group_read" model="res.groups">
      <field name="name">Permisos de lectura</field>
      <field name="category_id" ref="rj_records_category_group_user"/>
    </record>
    <record id="group_write" model="res.groups">
      <field name="name">Permisos de escritura</field>
      <field name="category_id" ref="rj_records_category_group_user"/>
    </record>
  </data>
</odoo>
